term,score,new_main_category,tag,review_count,word_count
used,0.0680132478181101,Bodycare,Packaging,10146,50
smell,0.05237138628763587,Bodycare,Packaging,10146,50
scent,0.05209371481863309,Bodycare,Packaging,10146,50
works,0.048606717125888106,Bodycare,Packaging,10146,50
little,0.047075491078812336,Bodycare,Packaging,10146,50
received,0.036024966191847724,Bodycare,Packaging,10146,50
easy,0.034472505274481466,Bodycare,Packaging,10146,50
spf,0.033245015286318506,Bodycare,Packaging,10146,50
work,0.03277509466251075,Bodycare,Packaging,10146,50
price,0.031687963573180766,Bodycare,Packaging,10146,50
small,0.030224945195725415,Bodycare,Packaging,10146,50
long,0.02983618363878697,Bodycare,Packaging,10146,50
light,0.02932410245284656,Bodycare,Packaging,10146,50
protection,0.029048932418869654,Bodycare,Packaging,10146,50
old,0.028035447804294174,Bodycare,Packaging,10146,50
greasy,0.027412268870647096,Bodycare,Packaging,10146,50
last,0.026436750035738168,Bodycare,Packaging,10146,50
tried,0.026296597240903764,Bodycare,Packaging,10146,50
burn,0.025817588360873493,Bodycare,Packaging,10146,50
recommend,0.025455651780359512,Bodycare,Packaging,10146,50
better,0.02545105845057663,Bodycare,Packaging,10146,50
thick,0.025354881929706245,Bodycare,Packaging,10146,50
sensitive,0.02504024795804076,Bodycare,Packaging,10146,50
sunscreens,0.02388951926393834,Bodycare,Packaging,10146,50
size,0.023756762598801724,Bodycare,Packaging,10146,50
rub,0.023419624100427087,Bodycare,Packaging,10146,50
hard,0.023394833477040067,Bodycare,Packaging,10146,50
need,0.02314993283354202,Bodycare,Packaging,10146,50
purchased,0.022811504588491367,Bodycare,Packaging,10146,50
look,0.022459809596805106,Bodycare,Packaging,10146,50
definitely,0.022243158604124683,Bodycare,Packaging,10146,50
shave,0.022233326828548484,Bodycare,Packaging,10146,50
lot,0.022213306483187905,Bodycare,Packaging,10146,50
aftershave,0.02177921196614875,Bodycare,Packaging,10146,50
easily,0.021650930072401573,Bodycare,Packaging,10146,50
kids,0.02119932280669818,Bodycare,Packaging,10146,50
ingredients,0.02073148726887249,Bodycare,Packaging,10146,50
brand,0.02070675585837908,Bodycare,Packaging,10146,50
getting,0.020590937604729555,Bodycare,Packaging,10146,50
most,0.020540605004411797,Bodycare,Packaging,10146,50
different,0.020533405625344673,Bodycare,Packaging,10146,50
few,0.0199526686092534,Bodycare,Packaging,10146,50
label,0.019510150351632883,Bodycare,Packaging,10146,50
want,0.01865136194333614,Bodycare,Packaging,10146,50
summer,0.018362860435311264,Bodycare,Packaging,10146,50
being,0.018134065251977805,Bodycare,Packaging,10146,50
zinc,0.017925466026358732,Bodycare,Packaging,10146,50
sunblock,0.017208210503026143,Bodycare,Packaging,10146,50
safe,0.01563059223085024,Bodycare,Packaging,10146,50
reef,0.013042976945836856,Bodycare,Packaging,10146,50
protection,0.2696510172562627,Bodycare,Packing,6714,50
used,0.06444202555655046,Bodycare,Packing,6714,50
easy,0.051166857295976594,Bodycare,Packing,6714,50
greasy,0.04639726452720499,Bodycare,Packing,6714,50
delivery,0.04555531369777567,Bodycare,Packing,6714,50
spf,0.04394608088956637,Bodycare,Packing,6714,50
smell,0.04385876149354414,Bodycare,Packing,6714,50
works,0.03810821244487086,Bodycare,Packing,6714,50
scent,0.03577748327163519,Bodycare,Packing,6714,50
sensitive,0.0353642793583671,Bodycare,Packing,6714,50
provides,0.03513660074459113,Bodycare,Packing,6714,50
little,0.03329182178079062,Bodycare,Packing,6714,50
need,0.029849209316704883,Bodycare,Packing,6714,50
easily,0.028806160861644683,Bodycare,Packing,6714,50
light,0.02800633108067295,Bodycare,Packing,6714,50
long,0.027576771574400152,Bodycare,Packing,6714,50
thick,0.02711804299516348,Bodycare,Packing,6714,50
sunscreens,0.02696902772735186,Bodycare,Packing,6714,50
recommend,0.026259806251943903,Bodycare,Packing,6714,50
burn,0.025191485938715077,Bodycare,Packing,6714,50
gives,0.024918253146107093,Bodycare,Packing,6714,50
perfect,0.0244083072149024,Bodycare,Packing,6714,50
zinc,0.023227815227000827,Bodycare,Packing,6714,50
better,0.022808374361934232,Bodycare,Packing,6714,50
price,0.022656868192420365,Bodycare,Packing,6714,50
hours,0.020966545686945542,Bodycare,Packing,6714,50
work,0.020701143902511574,Bodycare,Packing,6714,50
rub,0.020471826414962736,Bodycare,Packing,6714,50
found,0.020420673649598597,Bodycare,Packing,6714,50
tried,0.020012636049696383,Bodycare,Packing,6714,50
look,0.018963749424544197,Bodycare,Packing,6714,50
brand,0.018242811149224776,Bodycare,Packing,6714,50
kids,0.018149969278921426,Bodycare,Packing,6714,50
hard,0.018032240765168694,Bodycare,Packing,6714,50
definitely,0.017657980585376393,Bodycare,Packing,6714,50
safe,0.017643741342282644,Bodycare,Packing,6714,50
most,0.017426956314801883,Bodycare,Packing,6714,50
want,0.016659977150157,Bodycare,Packing,6714,50
lot,0.01650653299714662,Bodycare,Packing,6714,50
cast,0.016505375936827455,Bodycare,Packing,6714,50
tan,0.0164411515834123,Bodycare,Packing,6714,50
highly,0.01637340476451625,Bodycare,Packing,6714,50
summer,0.016316261175485708,Bodycare,Packing,6714,50
ingredients,0.016092374844255693,Bodycare,Packing,6714,50
daily,0.01588911784595226,Bodycare,Packing,6714,50
fair,0.015824222545771243,Bodycare,Packing,6714,50
wear,0.015790495769025803,Bodycare,Packing,6714,50
makeup,0.01576583388446873,Bodycare,Packing,6714,50
sunblock,0.015084253677244397,Bodycare,Packing,6714,50
mineral,0.013916446450248287,Bodycare,Packing,6714,50
smell,0.05928397898511182,Bodycare,Quality,52109,50
used,0.05710515097500066,Bodycare,Quality,52109,50
oily,0.055116460359590044,Bodycare,Quality,52109,50
works,0.0507435663203383,Bodycare,Quality,52109,50
protection,0.05019557674017111,Bodycare,Quality,52109,50
scent,0.050183069504256196,Bodycare,Quality,52109,50
greasy,0.04671877391821638,Bodycare,Quality,52109,50
excellent,0.04487810459084764,Bodycare,Quality,52109,50
dry,0.044363030054256535,Bodycare,Quality,52109,50
little,0.04132169445495425,Bodycare,Quality,52109,50
smooth,0.03764131245347285,Bodycare,Quality,52109,50
price,0.03672238401393687,Bodycare,Quality,52109,50
easy,0.0367157223139483,Bodycare,Quality,52109,50
spf,0.036123458747772404,Bodycare,Quality,52109,50
sensitive,0.034981246015535115,Bodycare,Quality,52109,50
sunscreens,0.03459128060577491,Bodycare,Quality,52109,50
burn,0.03021067083638332,Bodycare,Quality,52109,50
recommend,0.029865762787782444,Bodycare,Quality,52109,50
effective,0.029213942698392274,Bodycare,Quality,52109,50
long,0.02851024778057599,Bodycare,Quality,52109,50
light,0.027814351844801664,Bodycare,Quality,52109,50
tried,0.027659049512218745,Bodycare,Quality,52109,50
thick,0.02661737196830654,Bodycare,Quality,52109,50
work,0.02580311661031714,Bodycare,Quality,52109,50
look,0.024706667502510785,Bodycare,Quality,52109,50
shave,0.0246735623672719,Bodycare,Quality,52109,50
easily,0.024433831116304667,Bodycare,Quality,52109,50
rub,0.024391763912332838,Bodycare,Quality,52109,50
better,0.023822785230547594,Bodycare,Quality,52109,50
leaves,0.02365602063502152,Bodycare,Quality,52109,50
clean,0.023206659811688273,Bodycare,Quality,52109,50
most,0.022681620123245233,Bodycare,Quality,52109,50
kids,0.02187480864598519,Bodycare,Quality,52109,50
ingredients,0.021830629974617485,Bodycare,Quality,52109,50
cast,0.021493117975528254,Bodycare,Quality,52109,50
lot,0.021471635607313612,Bodycare,Quality,52109,50
pretty,0.021327813402880584,Bodycare,Quality,52109,50
sunblock,0.02114283104405451,Bodycare,Quality,52109,50
need,0.020902888805785603,Bodycare,Quality,52109,50
definitely,0.020762256342346887,Bodycare,Quality,52109,50
hours,0.02053607504223311,Bodycare,Quality,52109,50
makeup,0.020189052809055582,Bodycare,Quality,52109,50
found,0.020172736453103985,Bodycare,Quality,52109,50
aftershave,0.019049209449783906,Bodycare,Quality,52109,50
zinc,0.01903521998558151,Bodycare,Quality,52109,50
few,0.018911487019113767,Bodycare,Quality,52109,50
wear,0.01830781611352147,Bodycare,Quality,52109,50
body,0.017883674810888508,Bodycare,Quality,52109,50
natural,0.017073204521208474,Bodycare,Quality,52109,50
mineral,0.015845373230595577,Bodycare,Quality,52109,50
used,0.06629949829737189,Haircare,Packaging,63573,50
leaked,0.04977639493198962,Haircare,Packaging,63573,50
smell,0.04658932501394818,Haircare,Packaging,63573,50
works,0.044096085315444664,Haircare,Packaging,63573,50
received,0.036540157032647125,Haircare,Packaging,63573,50
scent,0.033211987548683666,Haircare,Packaging,63573,50
price,0.03261243314901593,Haircare,Packaging,63573,50
long,0.03233016003857833,Haircare,Packaging,63573,50
pump,0.03200457655441796,Haircare,Packaging,63573,50
colored,0.0315285034933835,Haircare,Packaging,63573,50
little,0.031522988021055146,Haircare,Packaging,63573,50
leaking,0.03061746697834566,Haircare,Packaging,63573,50
better,0.027894781711292407,Haircare,Packaging,63573,50
blonde,0.026925513781085215,Haircare,Packaging,63573,50
different,0.026766814411397628,Haircare,Packaging,63573,50
treated,0.026709180030183542,Haircare,Packaging,63573,50
small,0.02667220180009849,Haircare,Packaging,63573,50
work,0.026499000507863097,Haircare,Packaging,63573,50
purple,0.026434422323826492,Haircare,Packaging,63573,50
down,0.026025611506795752,Haircare,Packaging,63573,50
tried,0.02528332376923803,Haircare,Packaging,63573,50
thick,0.02500397982585286,Haircare,Packaging,63573,50
last,0.024846386721380707,Haircare,Packaging,63573,50
recommend,0.023927433996580368,Haircare,Packaging,63573,50
plastic,0.023817948778287596,Haircare,Packaging,63573,50
size,0.023017664361384076,Haircare,Packaging,63573,50
amazing,0.02259966185715558,Haircare,Packaging,63573,50
need,0.02189415893024126,Haircare,Packaging,63573,50
broken,0.021561831167552097,Haircare,Packaging,63573,50
top,0.021258663183606655,Haircare,Packaging,63573,50
package,0.021185985489836936,Haircare,Packaging,63573,50
keep,0.02115842775537314,Haircare,Packaging,63573,50
packaging,0.02110072257369177,Haircare,Packaging,63573,50
open,0.020968998811719153,Haircare,Packaging,63573,50
lot,0.020824783784751187,Haircare,Packaging,63573,50
definitely,0.02080134842467126,Haircare,Packaging,63573,50
purchased,0.020690775065312392,Haircare,Packaging,63573,50
wash,0.020527816594561696,Haircare,Packaging,63573,50
natural,0.019998177769896694,Haircare,Packaging,63573,50
order,0.019633847843206036,Haircare,Packaging,63573,50
salon,0.019216071963724254,Haircare,Packaging,63573,50
bag,0.019004419236567857,Haircare,Packaging,63573,50
longer,0.018716496379604135,Haircare,Packaging,63573,50
hard,0.018306462231426165,Haircare,Packaging,63573,50
shower,0.017943107798951585,Haircare,Packaging,63573,50
few,0.017414303325339178,Haircare,Packaging,63573,50
look,0.0173697509004543,Haircare,Packaging,63573,50
once,0.016560882682931634,Haircare,Packaging,63573,50
scalp,0.016506015626012623,Haircare,Packaging,63573,50
shampoos,0.016499794818482523,Haircare,Packaging,63573,50
damaged,0.18087096959659982,Haircare,Packing,10073,50
delivery,0.09986065136920062,Haircare,Packing,10073,50
used,0.055601218325183006,Haircare,Packing,10073,50
sealed,0.05055487287280567,Haircare,Packing,10073,50
fast,0.04267606872560851,Haircare,Packing,10073,50
spilled,0.039205560937267805,Haircare,Packing,10073,50
works,0.037091649857361256,Haircare,Packing,10073,50
opened,0.036834221928368646,Haircare,Packing,10073,50
smell,0.03592299182194923,Haircare,Packing,10073,50
received,0.035628399037059076,Haircare,Packing,10073,50
open,0.03350043708623615,Haircare,Packing,10073,50
item,0.030419267826145072,Haircare,Packing,10073,50
broken,0.029797223325428987,Haircare,Packing,10073,50
wrapped,0.028974094027656456,Haircare,Packing,10073,50
plastic,0.02863950654490801,Haircare,Packing,10073,50
price,0.028474625797684974,Haircare,Packing,10073,50
inside,0.027161563628035925,Haircare,Packing,10073,50
top,0.026837798315742786,Haircare,Packing,10073,50
package,0.025556734252335907,Haircare,Packing,10073,50
packaging,0.024977585074599545,Haircare,Packing,10073,50
amazing,0.02490969988625134,Haircare,Packing,10073,50
recommend,0.024595512955151205,Haircare,Packing,10073,50
order,0.024012201065839088,Haircare,Packing,10073,50
scent,0.02299185351464609,Haircare,Packing,10073,50
bag,0.022477897440917355,Haircare,Packing,10073,50
better,0.021710011056095352,Haircare,Packing,10073,50
little,0.020761759096494126,Haircare,Packing,10073,50
quick,0.020535187397744487,Haircare,Packing,10073,50
protection,0.01997931622233797,Haircare,Packing,10073,50
definitely,0.01995756317508682,Haircare,Packing,10073,50
shipping,0.01992425893143381,Haircare,Packing,10073,50
tape,0.019542897702534527,Haircare,Packing,10073,50
long,0.019417864077889233,Haircare,Packing,10073,50
pump,0.018634444830789496,Haircare,Packing,10073,50
happy,0.018334677078572344,Haircare,Packing,10073,50
down,0.018302293620376196,Haircare,Packing,10073,50
work,0.018033105200430704,Haircare,Packing,10073,50
tried,0.01801885556519746,Haircare,Packing,10073,50
container,0.01673325625544108,Haircare,Packing,10073,50
return,0.01583271287347627,Haircare,Packing,10073,50
mess,0.015286887274375287,Haircare,Packing,10073,50
lot,0.015250318139879222,Haircare,Packing,10073,50
need,0.015126156847151039,Haircare,Packing,10073,50
purchase,0.014923370755127894,Haircare,Packing,10073,50
items,0.014787347756929945,Haircare,Packing,10073,50
looks,0.01445644006207267,Haircare,Packing,10073,50
purchased,0.014315108160224877,Haircare,Packing,10073,50
leaked,0.013596266249939865,Haircare,Packing,10073,50
wrap,0.012655927988216211,Haircare,Packing,10073,50
bar,0.012002505096624585,Haircare,Packing,10073,50
soft,0.10738875269835758,Haircare,Quality,374639,50
dry,0.09108383992830538,Haircare,Quality,374639,50
smell,0.06389256455268229,Haircare,Quality,374639,50
used,0.06243760058182985,Haircare,Quality,374639,50
clean,0.05553541084356207,Haircare,Quality,374639,50
leaves,0.05417601569250375,Haircare,Quality,374639,50
works,0.04763734232362017,Haircare,Quality,374639,50
scent,0.04729848953293424,Haircare,Quality,374639,50
scalp,0.046568079024303696,Haircare,Quality,374639,50
shiny,0.036296544566967015,Haircare,Quality,374639,50
long,0.03598823419948317,Haircare,Quality,374639,50
recommend,0.03379502160995351,Haircare,Quality,374639,50
little,0.032853295098486765,Haircare,Quality,374639,50
price,0.032561389048387235,Haircare,Quality,374639,50
tried,0.03156254969480982,Haircare,Quality,374639,50
smooth,0.031043591003964276,Haircare,Quality,374639,50
amazing,0.029848803899233573,Haircare,Quality,374639,50
oily,0.029805429789631056,Haircare,Quality,374639,50
curly,0.028274491992933245,Haircare,Quality,374639,50
wash,0.02809051686382994,Haircare,Quality,374639,50
thick,0.027836394996973518,Haircare,Quality,374639,50
better,0.027046897952809953,Haircare,Quality,374639,50
natural,0.02683865220143697,Haircare,Quality,374639,50
healthy,0.02667179735281744,Haircare,Quality,374639,50
down,0.025991183058277724,Haircare,Quality,374639,50
definitely,0.02596247317736506,Haircare,Quality,374639,50
work,0.025432574335884917,Haircare,Quality,374639,50
lot,0.02482659563674133,Haircare,Quality,374639,50
shampoos,0.02402175809265481,Haircare,Quality,374639,50
super,0.023521907392523685,Haircare,Quality,374639,50
need,0.02321485955719824,Haircare,Quality,374639,50
silky,0.020581328704173833,Haircare,Quality,374639,50
drying,0.020113910504516296,Haircare,Quality,374639,50
look,0.020060884609862634,Haircare,Quality,374639,50
found,0.01966022129108128,Haircare,Quality,374639,50
oil,0.019648371787882774,Haircare,Quality,374639,50
greasy,0.01936545702528539,Haircare,Quality,374639,50
frizzy,0.01870722102431259,Haircare,Quality,374639,50
shower,0.018642435846302034,Haircare,Quality,374639,50
few,0.018608290517504695,Haircare,Quality,374639,50
curls,0.018495803299058245,Haircare,Quality,374639,50
keep,0.018299585821830555,Haircare,Quality,374639,50
her,0.01766955933857574,Haircare,Quality,374639,50
once,0.01749361146875394,Haircare,Quality,374639,50
looks,0.017424209112331106,Haircare,Quality,374639,50
less,0.01738933803975012,Haircare,Quality,374639,50
light,0.01730840830664642,Haircare,Quality,374639,50
free,0.01719616533185356,Haircare,Quality,374639,50
week,0.01682529638063905,Haircare,Quality,374639,50
bar,0.01577715151026237,Haircare,Quality,374639,50
colors,0.1551826824105934,Makeup,Packaging,199392,50
lipstick,0.059613729526106995,Makeup,Packaging,199392,50
beautiful,0.05216786887012181,Makeup,Packaging,199392,50
long,0.039747584777772106,Makeup,Packaging,199392,50
pretty,0.03950711901554334,Makeup,Packaging,199392,50
perfect,0.0366042245985144,Makeup,Packaging,199392,50
easy,0.03385752467587993,Makeup,Packaging,199392,50
lips,0.03303793809064937,Makeup,Packaging,199392,50
look,0.0316253732273107,Makeup,Packaging,199392,50
lip,0.031223071446344373,Makeup,Packaging,199392,50
stays,0.030719311293864168,Makeup,Packaging,199392,50
little,0.029937188645517886,Makeup,Packaging,199392,50
used,0.02912309746808213,Makeup,Packaging,199392,50
price,0.02852705190755186,Makeup,Packaging,199392,50
last,0.027991942826369798,Makeup,Packaging,199392,50
eye,0.02793276281017105,Makeup,Packaging,199392,50
looks,0.026290210190088977,Makeup,Packaging,199392,50
wear,0.02383666901786081,Makeup,Packaging,199392,50
palette,0.023253592383627057,Makeup,Packaging,199392,50
light,0.022352435005318572,Makeup,Packaging,199392,50
dark,0.021964425182283902,Makeup,Packaging,199392,50
makeup,0.02126992965667472,Makeup,Packaging,199392,50
eyeliner,0.021065017909612523,Makeup,Packaging,199392,50
eyeshadow,0.02105106726966194,Makeup,Packaging,199392,50
pink,0.020998717912459292,Makeup,Packaging,199392,50
different,0.020953810760578725,Makeup,Packaging,199392,50
favorite,0.020951028871800583,Makeup,Packaging,199392,50
lasts,0.020756532184494268,Makeup,Packaging,199392,50
definitely,0.02051276919444948,Makeup,Packaging,199392,50
mascara,0.020071624319721103,Makeup,Packaging,199392,50
recommend,0.02001778157666805,Makeup,Packaging,199392,50
stay,0.01994468239773644,Makeup,Packaging,199392,50
matte,0.019697781029065265,Makeup,Packaging,199392,50
pigmented,0.018917023463095956,Makeup,Packaging,199392,50
shadow,0.017719458500754865,Makeup,Packaging,199392,50
amazing,0.017214708826822616,Makeup,Packaging,199392,50
lasting,0.017035433730103133,Makeup,Packaging,199392,50
easily,0.01699070598024682,Makeup,Packaging,199392,50
red,0.016710485284807255,Makeup,Packaging,199392,50
brown,0.016660361209688185,Makeup,Packaging,199392,50
shade,0.016381403827362036,Makeup,Packaging,199392,50
lashes,0.016287229412422517,Makeup,Packaging,199392,50
black,0.01626624238001016,Makeup,Packaging,199392,50
brush,0.016161171665873372,Makeup,Packaging,199392,50
work,0.01561907489219676,Makeup,Packaging,199392,50
natural,0.015584837559019791,Makeup,Packaging,199392,50
tried,0.015532846360548764,Makeup,Packaging,199392,50
better,0.015374707311005806,Makeup,Packaging,199392,50
lot,0.01495940942710911,Makeup,Packaging,199392,50
liner,0.013125900596663496,Makeup,Packaging,199392,50
damaged,0.09463892739084291,Makeup,Packing,13606,50
delivery,0.0902444091645092,Makeup,Packing,13606,50
mascara,0.07132726684105571,Makeup,Packing,13606,50
used,0.06573799300905248,Makeup,Packing,13606,50
sealed,0.0586279030755545,Makeup,Packing,13606,50
broken,0.05084355569910029,Makeup,Packing,13606,50
lashes,0.04942359260152614,Makeup,Packing,13606,50
lipstick,0.04691452114667795,Makeup,Packing,13606,50
received,0.04678300571411725,Makeup,Packing,13606,50
opened,0.04596992092245689,Makeup,Packing,13606,50
item,0.04180206665245536,Makeup,Packing,13606,50
fast,0.04094057984857694,Makeup,Packing,13606,50
eye,0.03451209276596068,Makeup,Packing,13606,50
eyeliner,0.03346224925166812,Makeup,Packing,13606,50
package,0.03341591474560217,Makeup,Packing,13606,50
packaging,0.03175771316169113,Makeup,Packing,13606,50
tube,0.02989992779272874,Makeup,Packing,13606,50
return,0.0294551767133936,Makeup,Packing,13606,50
price,0.02820687659238605,Makeup,Packing,13606,50
wrapped,0.02805828051519486,Makeup,Packing,13606,50
little,0.027278642732431323,Makeup,Packing,13606,50
look,0.026932592552231273,Makeup,Packing,13606,50
makeup,0.02660608434381655,Makeup,Packing,13606,50
easy,0.025845247684377914,Makeup,Packing,13606,50
open,0.025783007404676005,Makeup,Packing,13606,50
tried,0.025500475441596004,Makeup,Packing,13606,50
long,0.02315053363022498,Makeup,Packing,13606,50
eyeshadow,0.023132184348295986,Makeup,Packing,13606,50
plastic,0.02267329359069497,Makeup,Packing,13606,50
looks,0.022466539805442862,Makeup,Packing,13606,50
order,0.02216740597798658,Makeup,Packing,13606,50
dried,0.021892601018120874,Makeup,Packing,13606,50
tape,0.0211993320122919,Makeup,Packing,13606,50
happy,0.021197120138806716,Makeup,Packing,13606,50
brush,0.021086518771948202,Makeup,Packing,13606,50
completely,0.020794951899383095,Makeup,Packing,13606,50
recommend,0.020791088018973933,Makeup,Packing,13606,50
purchase,0.020292101791678268,Makeup,Packing,13606,50
bubble,0.020144415264173886,Makeup,Packing,13606,50
liner,0.02014337357551805,Makeup,Packing,13606,50
perfect,0.019832236610331185,Makeup,Packing,13606,50
wrap,0.019427228644888248,Makeup,Packing,13606,50
better,0.019380659240179458,Makeup,Packing,13606,50
inside,0.018901791032549336,Makeup,Packing,13606,50
shadow,0.018288174725386835,Makeup,Packing,13606,50
pretty,0.018009037797619903,Makeup,Packing,13606,50
definitely,0.01794988795741668,Makeup,Packing,13606,50
lash,0.017760431278456074,Makeup,Packing,13606,50
palette,0.016266344153912322,Makeup,Packing,13606,50
colors,0.014197687907996104,Makeup,Packing,13606,50
mascara,0.08033439090748748,Makeup,Quality,286687,50
dry,0.076711494610495,Makeup,Quality,286687,50
smooth,0.06137294434028993,Makeup,Quality,286687,50
lashes,0.05781075830999842,Makeup,Quality,286687,50
colors,0.05177647229091614,Makeup,Quality,286687,50
eyeliner,0.04892833384005436,Makeup,Quality,286687,50
lipstick,0.046591600384215774,Makeup,Quality,286687,50
easy,0.045967467674249064,Makeup,Quality,286687,50
lips,0.045788605360790706,Makeup,Quality,286687,50
price,0.04536524043863163,Makeup,Quality,286687,50
look,0.04475286373370313,Makeup,Quality,286687,50
long,0.04292635602375829,Makeup,Quality,286687,50
eye,0.04115502943318209,Makeup,Quality,286687,50
used,0.03978606002731366,Makeup,Quality,286687,50
little,0.03694904970478668,Makeup,Quality,286687,50
pretty,0.03365254271113736,Makeup,Quality,286687,50
smoothly,0.032421658253762135,Makeup,Quality,286687,50
stays,0.03237148467511903,Makeup,Quality,286687,50
looks,0.032018128177522025,Makeup,Quality,286687,50
quality,0.03155150713450861,Makeup,Quality,286687,50
makeup,0.030930650267225697,Makeup,Quality,286687,50
soft,0.030142286049903568,Makeup,Quality,286687,50
brush,0.02876159600286391,Makeup,Quality,286687,50
tried,0.02784049202264273,Makeup,Quality,286687,50
liner,0.027763476711410773,Makeup,Quality,286687,50
last,0.027178414684117167,Makeup,Quality,286687,50
recommend,0.026707486446236176,Makeup,Quality,286687,50
lip,0.026247465665207238,Makeup,Quality,286687,50
definitely,0.025133205776101303,Makeup,Quality,286687,50
works,0.0249100790765933,Makeup,Quality,286687,50
easily,0.024192684487331265,Makeup,Quality,286687,50
wear,0.024013954983893224,Makeup,Quality,286687,50
better,0.023778812279448263,Makeup,Quality,286687,50
lasts,0.02375064157485302,Makeup,Quality,286687,50
work,0.023451551941119992,Makeup,Quality,286687,50
perfect,0.022904582695867814,Makeup,Quality,286687,50
black,0.021488169759854906,Makeup,Quality,286687,50
super,0.02112023161439976,Makeup,Quality,286687,50
matte,0.020920834652612904,Makeup,Quality,286687,50
hard,0.02073219400702267,Makeup,Quality,286687,50
smudge,0.019866845367890126,Makeup,Quality,286687,50
eyelashes,0.019657371226956828,Makeup,Quality,286687,50
few,0.019171231641804457,Makeup,Quality,286687,50
need,0.01907472479293134,Makeup,Quality,286687,50
lot,0.01812149860887515,Makeup,Quality,286687,50
line,0.017829534464973228,Makeup,Quality,286687,50
want,0.01720765149669692,Makeup,Quality,286687,50
waterproof,0.016904521942820133,Makeup,Quality,286687,50
lash,0.016196301450433888,Makeup,Quality,286687,50
liquid,0.015860681598653514,Makeup,Quality,286687,50
soap,0.06045637759075944,Skincare,Packaging,159823,50
scent,0.058040950110195874,Skincare,Packaging,159823,50
smell,0.05542704361006243,Skincare,Packaging,159823,50
used,0.05534719188059253,Skincare,Packaging,159823,50
oil,0.04495852436606315,Skincare,Packaging,159823,50
pump,0.04409236832535477,Skincare,Packaging,159823,50
leaked,0.039619405009788035,Skincare,Packaging,159823,50
little,0.038403081417806774,Skincare,Packaging,159823,50
received,0.03819690917573473,Skincare,Packaging,159823,50
price,0.03411004733959516,Skincare,Packaging,159823,50
works,0.03077226852305938,Skincare,Packaging,159823,50
body,0.029111381958851937,Skincare,Packaging,159823,50
wash,0.026807225227283623,Skincare,Packaging,159823,50
long,0.026523644815997564,Skincare,Packaging,159823,50
leaking,0.02646415106882402,Skincare,Packaging,159823,50
small,0.026190352011993726,Skincare,Packaging,159823,50
different,0.026146771571010988,Skincare,Packaging,159823,50
serum,0.02536872801690833,Skincare,Packaging,159823,50
better,0.025149563716872658,Skincare,Packaging,159823,50
work,0.025072777191423257,Skincare,Packaging,159823,50
last,0.024806333725374795,Skincare,Packaging,159823,50
packaging,0.024768089339046485,Skincare,Packaging,159823,50
broken,0.02378562757366363,Skincare,Packaging,159823,50
lip,0.023581107064284835,Skincare,Packaging,159823,50
order,0.023524756424348776,Skincare,Packaging,159823,50
moisturizing,0.023069536075959053,Skincare,Packaging,159823,50
light,0.022438847468566527,Skincare,Packaging,159823,50
top,0.022211517059093255,Skincare,Packaging,159823,50
purchased,0.02204808566993531,Skincare,Packaging,159823,50
size,0.021924894190171424,Skincare,Packaging,159823,50
definitely,0.021781780271787905,Skincare,Packaging,159823,50
recommend,0.021707008587862765,Skincare,Packaging,159823,50
second,0.02156800131501002,Skincare,Packaging,159823,50
label,0.02114042853339905,Skincare,Packaging,159823,50
tried,0.020929222300647525,Skincare,Packaging,159823,50
lips,0.020712709207047326,Skincare,Packaging,159823,50
moisturizer,0.020567013491656586,Skincare,Packaging,159823,50
plastic,0.020534145444753054,Skincare,Packaging,159823,50
purchase,0.020504990743894655,Skincare,Packaging,159823,50
package,0.02043745685213069,Skincare,Packaging,159823,50
cream,0.02029304082111488,Skincare,Packaging,159823,50
look,0.0194594991623564,Skincare,Packaging,159823,50
amazing,0.019323879241414557,Skincare,Packaging,159823,50
few,0.01892252145518517,Skincare,Packaging,159823,50
need,0.01858282872140824,Skincare,Packaging,159823,50
hand,0.017869833924729253,Skincare,Packaging,159823,50
lot,0.017650061481486463,Skincare,Packaging,159823,50
fragrance,0.017305582511754493,Skincare,Packaging,159823,50
ingredients,0.01614056153384218,Skincare,Packaging,159823,50
natural,0.015942675917332817,Skincare,Packaging,159823,50
delivery,0.10556071197727553,Skincare,Packing,48808,50
damaged,0.06529700062386085,Skincare,Packing,48808,50
soap,0.061246981746119485,Skincare,Packing,48808,50
protection,0.060493431950427744,Skincare,Packing,48808,50
used,0.054996942322737434,Skincare,Packing,48808,50
sealed,0.053106613266237536,Skincare,Packing,48808,50
fast,0.045934871702147335,Skincare,Packing,48808,50
smell,0.042552137851276484,Skincare,Packing,48808,50
received,0.04174831462802881,Skincare,Packing,48808,50
scent,0.0403622928133689,Skincare,Packing,48808,50
opened,0.039779995612470975,Skincare,Packing,48808,50
price,0.03359372185549224,Skincare,Packing,48808,50
wrapped,0.03300765749061102,Skincare,Packing,48808,50
package,0.031469353186980874,Skincare,Packing,48808,50
open,0.031221040324296883,Skincare,Packing,48808,50
broken,0.030404325172023502,Skincare,Packing,48808,50
item,0.030300265162324223,Skincare,Packing,48808,50
packaging,0.03022056148799876,Skincare,Packing,48808,50
little,0.0287422871820845,Skincare,Packing,48808,50
cream,0.028254292934099978,Skincare,Packing,48808,50
plastic,0.027034612034495566,Skincare,Packing,48808,50
order,0.026433476342121415,Skincare,Packing,48808,50
oil,0.025054211003648765,Skincare,Packing,48808,50
quick,0.023688764426912468,Skincare,Packing,48808,50
inside,0.02334052725332165,Skincare,Packing,48808,50
moisturizer,0.022758721275874756,Skincare,Packing,48808,50
works,0.02254784688210629,Skincare,Packing,48808,50
gift,0.022340161207556875,Skincare,Packing,48808,50
boxes,0.022098665634071823,Skincare,Packing,48808,50
top,0.021203348821416765,Skincare,Packing,48808,50
lip,0.020883318830129394,Skincare,Packing,48808,50
recommend,0.02016507931257134,Skincare,Packing,48808,50
happy,0.01965176803415588,Skincare,Packing,48808,50
bag,0.01953733598031625,Skincare,Packing,48808,50
body,0.019260221192652735,Skincare,Packing,48808,50
purchase,0.01923439226057247,Skincare,Packing,48808,50
container,0.019206729635127952,Skincare,Packing,48808,50
better,0.019099930757111173,Skincare,Packing,48808,50
return,0.019085607739322153,Skincare,Packing,48808,50
definitely,0.01838892977949139,Skincare,Packing,48808,50
tried,0.018239919806623577,Skincare,Packing,48808,50
jar,0.01797493331565911,Skincare,Packing,48808,50
long,0.017539948401392533,Skincare,Packing,48808,50
shipping,0.016964591769000267,Skincare,Packing,48808,50
soaps,0.016677006178674892,Skincare,Packing,48808,50
purchased,0.016662911375101706,Skincare,Packing,48808,50
pump,0.015897886196688072,Skincare,Packing,48808,50
mask,0.01492173166944325,Skincare,Packing,48808,50
bar,0.014293940062175913,Skincare,Packing,48808,50
bars,0.013235294373347143,Skincare,Packing,48808,50
dry,0.08945510992014928,Skincare,Quality,1386392,50
soft,0.06706351716755482,Skincare,Quality,1386392,50
soap,0.06322100885549527,Skincare,Quality,1386392,50
smell,0.059973621265627025,Skincare,Quality,1386392,50
scent,0.05743917618618995,Skincare,Quality,1386392,50
clean,0.05414796846033015,Skincare,Quality,1386392,50
used,0.05145891636849294,Skincare,Quality,1386392,50
smooth,0.04620611524733985,Skincare,Quality,1386392,50
works,0.038612437349442134,Skincare,Quality,1386392,50
price,0.03595341315795845,Skincare,Quality,1386392,50
sensitive,0.035509220421320806,Skincare,Quality,1386392,50
moisturizer,0.034728830753458624,Skincare,Quality,1386392,50
little,0.03464474342951302,Skincare,Quality,1386392,50
oily,0.03417630519444571,Skincare,Quality,1386392,50
oil,0.034041085377204426,Skincare,Quality,1386392,50
leaves,0.03247107148924192,Skincare,Quality,1386392,50
wash,0.03244997011726455,Skincare,Quality,1386392,50
body,0.03206234004220859,Skincare,Quality,1386392,50
cream,0.031839867872309406,Skincare,Quality,1386392,50
recommend,0.03083725296008856,Skincare,Quality,1386392,50
excellent,0.02985958528003314,Skincare,Quality,1386392,50
cleanser,0.028770728474521882,Skincare,Quality,1386392,50
hands,0.027739021314369013,Skincare,Quality,1386392,50
long,0.027495249155434026,Skincare,Quality,1386392,50
makeup,0.026556467748150406,Skincare,Quality,1386392,50
tried,0.02565590244116438,Skincare,Quality,1386392,50
lips,0.025292002210606502,Skincare,Quality,1386392,50
definitely,0.02471486861270627,Skincare,Quality,1386392,50
better,0.024211488013436314,Skincare,Quality,1386392,50
moisturizing,0.02375092474457499,Skincare,Quality,1386392,50
amazing,0.022936351848304358,Skincare,Quality,1386392,50
light,0.0227293492449029,Skincare,Quality,1386392,50
greasy,0.021658143286397924,Skincare,Quality,1386392,50
work,0.02139191046386496,Skincare,Quality,1386392,50
serum,0.020337987058300623,Skincare,Quality,1386392,50
few,0.019700461903881097,Skincare,Quality,1386392,50
super,0.018799867028454,Skincare,Quality,1386392,50
mask,0.018519727090653082,Skincare,Quality,1386392,50
acne,0.01836394175610177,Skincare,Quality,1386392,50
shower,0.018294700389639564,Skincare,Quality,1386392,50
need,0.018291223935907097,Skincare,Quality,1386392,50
night,0.01816623606884008,Skincare,Quality,1386392,50
keep,0.018094606823018496,Skincare,Quality,1386392,50
lot,0.01787491672428666,Skincare,Quality,1386392,50
found,0.017326056273070736,Skincare,Quality,1386392,50
fragrance,0.01730340049767641,Skincare,Quality,1386392,50
last,0.01702074334509284,Skincare,Quality,1386392,50
natural,0.016622481627999543,Skincare,Quality,1386392,50
look,0.01656282522785094,Skincare,Quality,1386392,50
ingredients,0.015580516566345364,Skincare,Quality,1386392,50
used,0.05913953086244844,Sun Protection,Packaging,6381,50
light,0.05660758410010426,Sun Protection,Packaging,6381,50
little,0.05454254396986141,Sun Protection,Packaging,6381,50
spf,0.04822585517700485,Sun Protection,Packaging,6381,50
greasy,0.03974126599085491,Sun Protection,Packaging,6381,50
works,0.03943396846377088,Sun Protection,Packaging,6381,50
tinted,0.03934246256078071,Sun Protection,Packaging,6381,50
look,0.038467096811656165,Sun Protection,Packaging,6381,50
makeup,0.03756096630367867,Sun Protection,Packaging,6381,50
protection,0.035786042094004836,Sun Protection,Packaging,6381,50
tint,0.0338578422331857,Sun Protection,Packaging,6381,50
smell,0.03371451794723544,Sun Protection,Packaging,6381,50
easy,0.033403894237773485,Sun Protection,Packaging,6381,50
tried,0.03160404763713341,Sun Protection,Packaging,6381,50
small,0.030518628280873025,Sun Protection,Packaging,6381,50
cast,0.029722431720676807,Sun Protection,Packaging,6381,50
wear,0.029616497190800724,Sun Protection,Packaging,6381,50
work,0.02952043205063644,Sun Protection,Packaging,6381,50
sunscreens,0.029095629913449605,Sun Protection,Packaging,6381,50
sensitive,0.027867670395608526,Sun Protection,Packaging,6381,50
perfect,0.027758973561067556,Sun Protection,Packaging,6381,50
price,0.027533568443251322,Sun Protection,Packaging,6381,50
foundation,0.02748965288548222,Sun Protection,Packaging,6381,50
thick,0.026925155964738566,Sun Protection,Packaging,6381,50
moisturizer,0.026373025476784988,Sun Protection,Packaging,6381,50
coverage,0.02618353706573699,Sun Protection,Packaging,6381,50
better,0.02600377157541552,Sun Protection,Packaging,6381,50
recommend,0.02578185787604535,Sun Protection,Packaging,6381,50
tone,0.024754224198952405,Sun Protection,Packaging,6381,50
long,0.024683236230418414,Sun Protection,Packaging,6381,50
dark,0.0244805802827865,Sun Protection,Packaging,6381,50
easily,0.02423686014609899,Sun Protection,Packaging,6381,50
definitely,0.023922315016530898,Sun Protection,Packaging,6381,50
need,0.0238034502941172,Sun Protection,Packaging,6381,50
fair,0.02375470670751122,Sun Protection,Packaging,6381,50
looks,0.023637456566376454,Sun Protection,Packaging,6381,50
most,0.022373906836245735,Sun Protection,Packaging,6381,50
scent,0.022372759023261198,Sun Protection,Packaging,6381,50
last,0.022305432309867045,Sun Protection,Packaging,6381,50
pump,0.022244163941359137,Sun Protection,Packaging,6381,50
tube,0.021772226062321518,Sun Protection,Packaging,6381,50
zinc,0.02035288170137844,Sun Protection,Packaging,6381,50
natural,0.020342117079135823,Sun Protection,Packaging,6381,50
cream,0.020030749589880777,Sun Protection,Packaging,6381,50
ingredients,0.019811104580042854,Sun Protection,Packaging,6381,50
lot,0.019597908917962828,Sun Protection,Packaging,6381,50
want,0.01878044392001077,Sun Protection,Packaging,6381,50
found,0.01863169362037891,Sun Protection,Packaging,6381,50
powder,0.018341741267682,Sun Protection,Packaging,6381,50
mineral,0.01800158761889017,Sun Protection,Packaging,6381,50
protection,0.25401146661749335,Sun Protection,Packing,4871,50
used,0.0636878690161316,Sun Protection,Packing,4871,50
spf,0.0514289817715053,Sun Protection,Packing,4871,50
greasy,0.045045680047337285,Sun Protection,Packing,4871,50
light,0.0442682003136637,Sun Protection,Packing,4871,50
easy,0.04011959433626759,Sun Protection,Packing,4871,50
makeup,0.03925051230854525,Sun Protection,Packing,4871,50
works,0.03632925278861216,Sun Protection,Packing,4871,50
sensitive,0.0358050979995481,Sun Protection,Packing,4871,50
little,0.03515960043772597,Sun Protection,Packing,4871,50
provides,0.03403675459065201,Sun Protection,Packing,4871,50
moisturizer,0.03379853801170149,Sun Protection,Packing,4871,50
smell,0.031391406702448894,Sun Protection,Packing,4871,50
need,0.031020371524345548,Sun Protection,Packing,4871,50
recommend,0.030241388239454024,Sun Protection,Packing,4871,50
delivery,0.02831411065480252,Sun Protection,Packing,4871,50
daily,0.02765188755573606,Sun Protection,Packing,4871,50
perfect,0.027030567957287845,Sun Protection,Packing,4871,50
gives,0.026864647802042077,Sun Protection,Packing,4871,50
long,0.026583135173854525,Sun Protection,Packing,4871,50
scent,0.026341300388471954,Sun Protection,Packing,4871,50
wear,0.026206727341076926,Sun Protection,Packing,4871,50
look,0.025518697734198847,Sun Protection,Packing,4871,50
tube,0.025151978695262457,Sun Protection,Packing,4871,50
zinc,0.025130433174420045,Sun Protection,Packing,4871,50
cast,0.02484648697641217,Sun Protection,Packing,4871,50
coverage,0.024569084153089355,Sun Protection,Packing,4871,50
moisturizing,0.024043849893726415,Sun Protection,Packing,4871,50
tried,0.02344473397017049,Sun Protection,Packing,4871,50
tint,0.02299681500299902,Sun Protection,Packing,4871,50
easily,0.022661670816761473,Sun Protection,Packing,4871,50
sunscreens,0.022012960373587732,Sun Protection,Packing,4871,50
definitely,0.021739874621046335,Sun Protection,Packing,4871,50
foundation,0.021582230711163896,Sun Protection,Packing,4871,50
better,0.021546800626631592,Sun Protection,Packing,4871,50
cream,0.021286540774333063,Sun Protection,Packing,4871,50
recommended,0.021014655391349935,Sun Protection,Packing,4871,50
price,0.020673403864892064,Sun Protection,Packing,4871,50
thick,0.020549802191483002,Sun Protection,Packing,4871,50
work,0.02044085085259431,Sun Protection,Packing,4871,50
tinted,0.020182788424223608,Sun Protection,Packing,4871,50
most,0.019473737455838743,Sun Protection,Packing,4871,50
mineral,0.018653324097895305,Sun Protection,Packing,4871,50
leaves,0.018344209862673894,Sun Protection,Packing,4871,50
found,0.018210280314892902,Sun Protection,Packing,4871,50
enough,0.017339041322847103,Sun Protection,Packing,4871,50
burn,0.016990457140063267,Sun Protection,Packing,4871,50
rub,0.016578025415049175,Sun Protection,Packing,4871,50
lot,0.016369706044094615,Sun Protection,Packing,4871,50
ingredients,0.015963519143407878,Sun Protection,Packing,4871,50
oily,0.08663601381752786,Sun Protection,Quality,41127,50
dry,0.06727364155890934,Sun Protection,Quality,41127,50
smooth,0.05272787351320833,Sun Protection,Quality,41127,50
greasy,0.0526645682186491,Sun Protection,Quality,41127,50
used,0.05239996679452904,Sun Protection,Quality,41127,50
protection,0.05180313360402649,Sun Protection,Quality,41127,50
spf,0.05090887939104711,Sun Protection,Quality,41127,50
makeup,0.04875545159813413,Sun Protection,Quality,41127,50
light,0.04835289943991752,Sun Protection,Quality,41127,50
little,0.04625883870980692,Sun Protection,Quality,41127,50
sensitive,0.04406146910854287,Sun Protection,Quality,41127,50
cast,0.04273098030157817,Sun Protection,Quality,41127,50
works,0.0427095323354663,Sun Protection,Quality,41127,50
moisturizer,0.04182934497544764,Sun Protection,Quality,41127,50
smell,0.04104855525658549,Sun Protection,Quality,41127,50
look,0.039413068825896395,Sun Protection,Quality,41127,50
sunscreens,0.037580548040315555,Sun Protection,Quality,41127,50
recommend,0.03537013218889061,Sun Protection,Quality,41127,50
leaves,0.03510031980886259,Sun Protection,Quality,41127,50
tried,0.03356644970052735,Sun Protection,Quality,41127,50
easy,0.03295643797746691,Sun Protection,Quality,41127,50
wear,0.030073994397661452,Sun Protection,Quality,41127,50
price,0.029143482743376314,Sun Protection,Quality,41127,50
tint,0.029001374809895796,Sun Protection,Quality,41127,50
scent,0.0283738032155218,Sun Protection,Quality,41127,50
tinted,0.027430535354152328,Sun Protection,Quality,41127,50
work,0.027203527260146698,Sun Protection,Quality,41127,50
coverage,0.027021636484437395,Sun Protection,Quality,41127,50
foundation,0.026628515352396912,Sun Protection,Quality,41127,50
super,0.02602880846800288,Sun Protection,Quality,41127,50
long,0.025685244058098605,Sun Protection,Quality,41127,50
need,0.025014709979993093,Sun Protection,Quality,41127,50
thick,0.024910780008746043,Sun Protection,Quality,41127,50
definitely,0.024825491853997572,Sun Protection,Quality,41127,50
easily,0.024650278337401993,Sun Protection,Quality,41127,50
perfect,0.024323383543857817,Sun Protection,Quality,41127,50
moisturizing,0.023687341468279027,Sun Protection,Quality,41127,50
better,0.02353146151170578,Sun Protection,Quality,41127,50
matte,0.0233611686174733,Sun Protection,Quality,41127,50
most,0.023213197435014425,Sun Protection,Quality,41127,50
daily,0.023172664906570942,Sun Protection,Quality,41127,50
mineral,0.022865341984744384,Sun Protection,Quality,41127,50
found,0.02272261098456691,Sun Protection,Quality,41127,50
cream,0.022494093179009498,Sun Protection,Quality,41127,50
lot,0.022250724685582788,Sun Protection,Quality,41127,50
pretty,0.022198145451504604,Sun Protection,Quality,41127,50
looks,0.02194580806323918,Sun Protection,Quality,41127,50
ingredients,0.021686195993134136,Sun Protection,Quality,41127,50
sunblock,0.021439448875954455,Sun Protection,Quality,41127,50
few,0.020442318796491905,Sun Protection,Quality,41127,50
